Model,MAE,RMSE,MAPE
XGBoost,110.38839830560919,213.0665175459226,3.0173323174329245
LSTM,208.3534337117554,331.12788052433274,5.808555055479983
