Model,MAE,RMSE,MAPE
Naive,214.57287447204556,347.3224986526204,5.963349363834887
Linear Regression,171.91196782681237,301.6311482141568,4.699206055685699
XGBoost,110.38839830560919,213.0665175459226,3.0173323174329245
LSTM,208.3534337117554,331.12788052433274,5.808555055479983
