Model,MAE,RMSE,MAPE
Naive,219.34024245062736,327.9696769817745,6.38339962198195
Linear Regression,164.77252429879772,267.3663326645489,4.643313437961237
XGBoost,121.34135600606801,210.87564712728602,3.2569469465865835
LSTM,182.184108516074,274.7124664119749,5.244891553525257
